path,gemini_output
downloaded_videos/video_e20577f8e5f3ff77d56b158f17143237.mp4,"The video showcases a culinary process involving meat, chocolate, and fruit, resulting in a unique dish.

Here's a breakdown of the key events:

00:00 - 00:04: A block of red meat with visible marbling is shown. A metal fork-like tool is used to repeatedly stab the meat, creating small indentations. A sound of a series of dull thuds accompanies this action.
00:04 - 00:07: The meat is then coated in a white powder, likely flour or cornstarch, by pressing it onto a wooden surface sprinkled with the powder. The sound of a puff of powder is heard.
00:07 - 00:08: The meat, now coated, is submerged into a pan of hot oil, where it immediately begins to fry and brown. The sound of sizzling oil is prominent.
00:08 - 00:13: The fried meat, now dark brown on the outside, is placed on a cutting board. It's cut into smaller strips, revealing the pink, marbled interior. Slicing sounds are heard.
00:13 - 00:14: The cut strips of meat are gathered and held in gloved hands.
00:14 - 00:19: A person wearing black gloves cracks several eggs and separates the yolks from the whites, placing the yolks into a glass bowl. The sound of eggshells cracking is heard. The yolks are then mixed until they become a uniform orange color.
00:19 - 00:27: Sheets of nori (seaweed) are cut into smaller pieces and then blended into a fine green powder. The sound of cutting and blending is heard. The meat strips are then coated thoroughly in this green nori powder.
00:27 - 00:33: An onion is cut, peeled, and then finely diced on a wooden cutting board. The distinct sound of chopping is present.
00:33 - 00:39: A chocolate bar is broken into pieces and then finely chopped into small shavings. The sound of chocolate snapping and being chopped is heard.
00:39 - 00:41: The chopped chocolate is melted over a stove, creating a smooth, dark brown liquid. A bubbling sound is heard, followed by the sound of stirring.
00:41 - 00:46: Cream is poured from a carton into a metal bowl and then whipped with an electric mixer until it becomes a thick, white whipped cream. The whirring sound of the mixer is clearly audible.
00:46 - 00:53: Strawberries are destemmed and placed inside a cardboard milk carton, followed by what appears to be blackberries and whipped cream. The carton is then sealed and shaken.
00:53 - 00:58: A nori sheet is laid out on a bamboo rolling mat, and a line of the nori-coated meat is placed on it. It is then carefully rolled into a tight cylinder. A brushing sound is heard as the roll is sealed with a brush.
00:58 - 01:02: The nori-wrapped meat roll is cut into thick slices, revealing a striking pattern of pink meat surrounded by a dark nori ""crust."" The internal structure of the meat, with its marbling, creates a mosaic-like appearance against the dark exterior."
