video_id,description,created_at_unix,author_id,author_handle,author_name,author_region,music_id,music_title,music_author,music_duration,video_duration,video_height,video_width,video_ratio,video_url,share_url,play_count,like_count,comment_count,share_count,collect_count,download_count,repost_count,whatsapp_share_count,hashtags,challenges
7591988145382558998,,1767647493,7444748329916089366,myvibe557,່,FR,7535891238978145025,TV girl,Axel,12,8200,1024,576,540p,https://api16-normal-no1a.tiktokv.eu/aweme/v1/play/?faid=1233&file_id=39c194882a2146d6936b8287437decff&is_play_url=1&item_id=7591988145382558998&line=0&signaturev3=dmlkZW9faWQ7ZmlsZV9pZDtpdGVtX2lkLjgxZDM0ODk5ZDM1ZGQ1MWNlNWU5NTQ2NTA3OWMzOTVh&source=FEED&video_id=v24044gl0000d5e2htfog65vcf9jjang,https://www.tiktok.com/@myvibe557/video/7591988145382558998?_r=1&u_code=0&preview_pb=0&sharer_language=en&_d=f1m67def0k21hj&share_item_id=7591988145382558998&source=h5_m,41098111,6222324,17926,580320,635904,41942,0,4394,[],[]
7585201300153847095,#tiktokfood #asmr ,1766067314,7506296829355770926,asmrfood128,Zach Choi Fan,US,7585201241253989134,original sound - asmrfood128,Zach Choi Fan,62,62767,1280,720,720p,https://api16-normal-no1a.tiktokv.eu/aweme/v1/play/?faid=1233&file_id=033ce43248d64cec9b1b10fcc87ddf1d&is_play_url=1&item_id=7585201300153847095&line=0&signaturev3=dmlkZW9faWQ7ZmlsZV9pZDtpdGVtX2lkLjBiOWJjYmY4MGIzZDFkNzA0Y2JkODQ5OTI3MDJmMDM5&source=FEED&video_id=v12044gd0000d520n7vog65h2bdepu1g,https://www.tiktok.com/@asmrfood128/video/7585201300153847095?_r=1&u_code=0&preview_pb=0&sharer_language=en&_d=f1m67def0k21hj&share_item_id=7585201300153847095&source=h5_m,38702246,1457939,4823,48393,63639,13049,0,676,"['tiktokfood', 'asmr']",['TikTokFood']
7573452018652548359,A never ending story. | scp: jcqscenes #edit #strangerthings #st #strangerthings5 #st5 ,1763331719,7244481775970632710,jcqedits,𝗝𝗰 ♞,BR,7573452216095312658,original sound - jcqedits,𝗝𝗰 ♞,64,64266,576,768,540p,https://api16-normal-no1a.tiktokv.eu/aweme/v1/play/?faid=1233&file_id=33c6133277e647b694e458fee96846ea&is_play_url=1&item_id=7573452018652548359&line=0&signaturev3=dmlkZW9faWQ7ZmlsZV9pZDtpdGVtX2lkLjhkYzAxN2MxN2RkYTBkZjlkOWMzOWZmMjk2NmU4NzIw&source=FEED&video_id=v14044g50000d4d4su7og65mg0unurp0,https://www.tiktok.com/@jcqedits/video/7573452018652548359?_r=1&u_code=0&preview_pb=0&sharer_language=en&_d=f1m67def0k21hj&share_item_id=7573452018652548359&source=h5_m,106595583,14265883,64587,1034073,1952928,279361,0,30532,"['edit', 'strangerthings', 'st', 'strangerthings5', 'st5']",['Edit']
7596283280249359638,Jujutsu Kaisen Season 3 Episode 3 Hits Different #CapCut #JujutsuKaisen #jjk #yuji #gojo ,1768647532,6858649645724632069,sarvadx,sarvadx,DE,7594119102583671585,original sound - robbiiits,MR.ROBBI,10,10519,768,576,540p,https://api16-normal-no1a.tiktokv.eu/aweme/v1/play/?faid=1233&file_id=a497522125884616935a46e599dad817&is_play_url=1&item_id=7596283280249359638&line=0&signaturev3=dmlkZW9faWQ7ZmlsZV9pZDtpdGVtX2lkLjUzMjRiZDk4MjU3NzdiMGM5ZDkzOGJkN2VkNTMxMmNh&source=FEED&video_id=v24044gl0000d5lminnog65hjsinrhpg,https://www.tiktok.com/@sarvadx/video/7596283280249359638?_r=1&u_code=0&preview_pb=0&sharer_language=en&_d=f1m67def0k21hj&share_item_id=7596283280249359638&source=h5_m,6296,364,16,17,33,0,0,0,"['capcut', 'jujutsukaisen', 'jjk', 'yuji', 'gojo']",['CapCut']
7603320194345274631,❤️#foryou #fyppppppppppppppppppppppp #fyp #foryoupage #fypシ ,1770285941,6777578707235537926,aish.sharma2,Ash♥️🐣,GB,7590585844835240707,original sound - missbukhari23,MISS BUKHARI 23🇺🇸,12,12770,1024,576,540p,https://api16-normal-no1a.tiktokv.eu/aweme/v1/play/?faid=1233&file_id=08ab631cf4db44c9b35d41e8bc976d19&is_play_url=1&item_id=7603320194345274631&line=0&signaturev3=dmlkZW9faWQ7ZmlsZV9pZDtpdGVtX2lkLmExZDAzMWEyOWE4NDYzOWMwM2Y0ODA1ZDQ1ZDM0MjE0&source=FEED&video_id=v14044g50000d626minog65ppq2ba85g,https://www.tiktok.com/@aish.sharma2/video/7603320194345274631?_r=1&u_code=0&preview_pb=0&sharer_language=en&_d=f1m67def0k21hj&share_item_id=7603320194345274631&source=h5_m,477,106,4,0,2,0,0,0,"['foryou', 'fyppppppppppppppppppppppp', 'fyp', 'foryoupage', 'fypシ']",['foryou']
7589312375833054486,Haters guna hate 🤣 #spongebob #draytonmanor #themepark #dance ,1767024493,6585970090587734021,cheraineashleighm,Cheraine Ashleigh Marriott,GB,7582302369535380237,original sound - mackerrxi6i,5starb3nzz,11,12034,1024,576,540p,https://api16-normal-no1a.tiktokv.eu/aweme/v1/play/?faid=1233&file_id=c9723429f5f348dca83b6d0a3f151f21&is_play_url=1&item_id=7589312375833054486&line=0&signaturev3=dmlkZW9faWQ7ZmlsZV9pZDtpdGVtX2lkLjkzYjAyOWVmNzZiZDE2ZTNlZjZiODlmN2U5Mzk2ZDEy&source=FEED&video_id=v24044gl0000d59adb7og65ga3722gpg,https://www.tiktok.com/@cheraineashleighm/video/7589312375833054486?_r=1&u_code=0&preview_pb=0&sharer_language=en&_d=f1m67def0k21hj&share_item_id=7589312375833054486&source=h5_m,1543704,28818,1871,4304,1545,119,0,27,"['spongebob', 'draytonmanor', 'themepark', 'dance']",['spongebob']
7598219095565290774,"Ohhh it’s game over man, it’s game over😭💔 #fyp #ezekielthe1st ",1769098248,7065838033975624710,ezekielthelive,ezekielthelive,GB,7598219101236284182,original sound - ezekielthelive,ezekielthelive,61,61534,1024,576,540p,https://api16-normal-no1a.tiktokv.eu/aweme/v1/play/?faid=1233&file_id=0bddebe1a5ac4d9aa9aec2bf596145ae&is_play_url=1&item_id=7598219095565290774&line=0&signaturev3=dmlkZW9faWQ7ZmlsZV9pZDtpdGVtX2lkLjc3OTFmYTQwZDZhZmViYzRhOGUyZDEzZDNmOGVjZjVj&source=FEED&video_id=v24044gl0000d5p4mvvog65j3q6rovk0,https://www.tiktok.com/@ezekielthelive/video/7598219095565290774?_r=1&u_code=0&preview_pb=0&sharer_language=en&_d=f1m67def0k21hj&share_item_id=7598219095565290774&source=h5_m,1253998,121842,2380,10941,11973,359,0,245,"['fyp', 'ezekielthe1st']",['fyp']
7584678714022120735,"""Follow me! I share practical life hacks every day--let's go!"" #lifehacks #fyp #foryou #DIY",1765945638,7579527367710835726,marcus.wright72,Marcus Wright,US,7584681502617635615,original sound - marcus.wright72,Marcus Wright,290,290134,1280,720,720p,https://api16-normal-no1a.tiktokv.eu/aweme/v1/play/?faid=1233&file_id=e17d7d1aeda94aa2a106b6c430c4e9b2&is_play_url=1&item_id=7584678714022120735&line=0&signaturev3=dmlkZW9faWQ7ZmlsZV9pZDtpdGVtX2lkLjJhYTVjMmE1ZGRkMThkZmZjMGViMDgyNjUyNmViYTNm&source=FEED&video_id=v15044gf0000d512qtvog65l9c5i4l20,https://www.tiktok.com/@marcus.wright72/video/7584678714022120735?_r=1&u_code=0&preview_pb=0&sharer_language=en&_d=f1m67def0k21hj&share_item_id=7584678714022120735&source=h5_m,8199,481,44,191,144,7,0,109,"['lifehacks', 'fyp', 'foryou', 'diy']",['LifeHacks']
7583389900674747670,#uk #funny #relateable #ukwinter #fyp ,1765645557,7380053731804464161,hj.fitt,HaydenJames.Fitness,GB,7273268068703488810,original sound - athleticcode,Coding Guru,10,5667,1024,576,540p,https://api16-normal-no1a.tiktokv.eu/aweme/v1/play/?faid=1233&file_id=e7de28faf55e42debf2245b4a18f228d&is_play_url=1&item_id=7583389900674747670&line=0&signaturev3=dmlkZW9faWQ7ZmlsZV9pZDtpdGVtX2lkLjk5NzllZGQ1MWJlOTNiOWY2YWQ1YzUwMjZjNDllNzUx&source=FEED&video_id=v24044gl0000d4upn5nog65ncv9m70gg,https://www.tiktok.com/@hj.fitt/video/7583389900674747670?_r=1&u_code=0&preview_pb=0&sharer_language=en&_d=f1m67def0k21hj&share_item_id=7583389900674747670&source=h5_m,789075,36324,631,1864,4103,256,0,187,"['uk', 'funny', 'relateable', 'ukwinter', 'fyp']",['uk']
7582903059844484383,Renovation gone wrong🤣🤣🤣#funny#fail#fyp#foryou#furnish,1765532275,7515322830513308718,suckerbuu3,suckerbuu3,US,7582908282386336542,original sound - suckerbuu3,suckerbuu3,64,64319,1280,720,720p,https://api16-normal-no1a.tiktokv.eu/aweme/v1/play/?faid=1233&file_id=06ecc39f6fd645a9940e58898ee6a939&is_play_url=1&item_id=7582903059844484383&line=0&signaturev3=dmlkZW9faWQ7ZmlsZV9pZDtpdGVtX2lkLjA5ZDczNTYzZWE3YzI2Yzc0ODFjZmVmNzkzZmJlOThm&source=FEED&video_id=v15044gf0000d4tu4hnog65k4jd4a6eg,https://www.tiktok.com/@suckerbuu3/video/7582903059844484383?_r=1&u_code=0&preview_pb=0&sharer_language=en&_d=f1m67def0k21hj&share_item_id=7582903059844484383&source=h5_m,78543783,1629055,11683,607924,140653,128536,0,26222,"['funny', 'fail', 'fyp', 'foryou', 'furnish']",[]
7583036323301166350,#CapCut ##strangerthing##Dustin,1765563269,7480271103472911406,hd_6718,Will Byers,US,7583012295509347103,original sound - ilovekittyyyyyyyyyyyssss,Strawberries🍓,71,71400,720,960,720p,https://api16-normal-no1a.tiktokv.eu/aweme/v1/play/?faid=1233&file_id=9daf5efd1b8b475a887c7e2af2d1c9eb&is_play_url=1&item_id=7583036323301166350&line=0&signaturev3=dmlkZW9faWQ7ZmlsZV9pZDtpdGVtX2lkLmZiODU3YjYxZTVjNDQ4MDZjNDMwYWFkZWU0M2IxZjMz&source=FEED&video_id=v12044gd0000d4u5lu7og65k8pubbqu0,https://www.tiktok.com/@hd_6718/video/7583036323301166350?_r=1&u_code=0&preview_pb=0&sharer_language=en&_d=f1m67def0k21hj&share_item_id=7583036323301166350&source=h5_m,4487173,607284,2457,36085,89112,9673,0,1548,"['capcut', 'strangerthing', 'dustin']",['CapCut']
7573404465345121558,He stained his hair with crayons... Video Credit: stash2.0 (TikTok) #fyp #foryou #forupage #cringe #hair #comedy #funny,1763320640,7522941236639581206,louisayy,LouisAyy,GB,7573404504746478358,original sound - louisayy,LouisAyy,115,115634,1024,576,540p,https://api16-normal-no1a.tiktokv.eu/aweme/v1/play/?faid=1233&file_id=567d78003fee46d485cab88595d7386c&is_play_url=1&item_id=7573404465345121558&line=0&signaturev3=dmlkZW9faWQ7ZmlsZV9pZDtpdGVtX2lkLjYwYzhiNjZjY2Q2YWU1YTIxZGE1MjBmNzRmYWMxZWVl&source=FEED&video_id=v24025gl0000d4d2357og65leha6asdg,https://www.tiktok.com/@louisayy/video/7573404465345121558?_r=1&u_code=0&preview_pb=0&sharer_language=en&_d=f1m67def0k21hj&share_item_id=7573404465345121558&source=h5_m,15373316,1281302,10605,24782,146192,8570,0,277,"['fyp', 'foryou', 'forupage', 'cringe', 'hair', 'comedy', 'funny']",[]
7589258114784972063,If tomorrow is Saturday. Yesterday was what day? @Miss_Snowwolf_jku #fyp #husbandwife #usa #marriedlife #couple ,1767011940,7371694685541663787,lahoonanimations,Lahoon Animations,US,7589258334637673247,original sound - lahoonanimations,Lahoon Animations,63,63784,1280,720,720p,https://api16-normal-no1a.tiktokv.eu/aweme/v1/play/?faid=1233&file_id=16e305f4d4814a22acb2ae52e0ca7cd9&is_play_url=1&item_id=7589258114784972063&line=0&signaturev3=dmlkZW9faWQ7ZmlsZV9pZDtpdGVtX2lkLjg1ODcyODdjMjVkMTFhNmYzNjRhZGQ5ZGE0Y2IxZmZh&source=FEED&video_id=v15044gf0000d5979vnog65j5r7dml20,https://www.tiktok.com/@lahoonanimations/video/7589258114784972063?_r=1&u_code=0&preview_pb=0&sharer_language=en&_d=f1m67def0k21hj&share_item_id=7589258114784972063&source=h5_m,16595509,610132,29957,122406,70804,153400,0,14381,"['fyp', 'husbandwife', 'usa', 'marriedlife', 'couple']",['fyp']
7593694410211200258,Never seen this Pink Sky | UK 🇬🇧 ❄️  #theskyispink #uktravel #londontown #viral #birmingham ,1768044765,7496563294614963222,exploringtheuk290,Exploring The UK 🇬🇧,GB,7469452453986585366,original sound - usa_skyline,Reid Morningstar ⭐,62,8967,1024,576,540p,https://api16-normal-no1a.tiktokv.eu/aweme/v1/play/?faid=1233&file_id=5ff3b595f29745ff89892054644ee766&is_play_url=1&item_id=7593694410211200258&line=0&signaturev3=dmlkZW9faWQ7ZmlsZV9pZDtpdGVtX2lkLjVlYTdlOTNmNTViNDE2YjFjNjA1ZGQ5ZjIxNzQwZTY1&source=FEED&video_id=v24044gl0000d5h3gnnog65s4p09j2r0,https://www.tiktok.com/@exploringtheuk290/video/7593694410211200258?_r=1&u_code=0&preview_pb=0&sharer_language=en&_d=f1m67def0k21hj&share_item_id=7593694410211200258&source=h5_m,671326,29614,1089,3046,3209,21,0,282,"['theskyispink', 'uktravel', 'londontown', 'viral', 'birmingham']",['theskyispink']
7578985563827604758,LIKE SPEAK NORMALLY😭💔 #fyp #ezekielthe1st ,1764620091,7065838033975624710,ezekielthelive,ezekielthelive,GB,7578985569885358870,original sound - ezekielthelive,ezekielthelive,63,62972,1024,576,540p,https://api16-normal-no1a.tiktokv.eu/aweme/v1/play/?faid=1233&file_id=09e878984a154391982ceddcccb244b3&is_play_url=1&item_id=7578985563827604758&line=0&signaturev3=dmlkZW9faWQ7ZmlsZV9pZDtpdGVtX2lkLjcwN2RhNzZlZjFhYzc5Y2QzODAxYTM5Yzk3NDFlZmU5&source=FEED&video_id=v24044gl0000d4mve2nog65o29dk9q7g,https://www.tiktok.com/@ezekielthelive/video/7578985563827604758?_r=1&u_code=0&preview_pb=0&sharer_language=en&_d=f1m67def0k21hj&share_item_id=7578985563827604758&source=h5_m,1369358,133265,2853,11354,16933,504,0,331,"['fyp', 'ezekielthe1st']",['fyp']
7584534229648723222,‍ ‍,1765912033,7462137163200594966,4k.journey,︎︎,DE,7519247518849420046,original sound - valxoaudios,𝐕𝐀𝐋 𝐀𝐔𝐃𝐈𝐎𝐒 ୨୧,16,10000,1054,576,540p,https://api16-normal-no1a.tiktokv.eu/aweme/v1/play/?faid=1233&file_id=34a5d7a223c64d81ae814b4af88188ff&is_play_url=1&item_id=7584534229648723222&line=0&signaturev3=dmlkZW9faWQ7ZmlsZV9pZDtpdGVtX2lkLjdkOThhNWNiYWEyYTgxYTYxNDY5NWFjNTIxNmJlODAx&source=FEED&video_id=v24025gl0000d50qrnfog65tbt2hfel0,https://www.tiktok.com/@4k.journey/video/7584534229648723222?_r=1&u_code=0&preview_pb=0&sharer_language=en&_d=f1m67def0k21hj&share_item_id=7584534229648723222&source=h5_m,145683539,23621713,48732,2768982,1944471,146988,0,20915,[],[]
7590455371555228950,I'm going straight to grandma's house #ai #grandma #aibaby #fyp ,1767290618,7551816193682768918,motivationalbaby3,👶Cute Baby👶,US,7590455379570510614,original sound - motivationalbaby3,👶Cute Baby👶,8,8010,576,1024,540p,https://api16-normal-no1a.tiktokv.eu/aweme/v1/play/?faid=1233&file_id=4fa5321f813d40cfa5c55770fa6c09d5&is_play_url=1&item_id=7590455371555228950&line=0&signaturev3=dmlkZW9faWQ7ZmlsZV9pZDtpdGVtX2lkLjY1MGEzOWRmNGVmYmEzMTViNWZmZTM1M2M0YzU2ZGE3&source=FEED&video_id=v24044gl0000d5bbdt7og65sju5d6f4g,https://www.tiktok.com/@motivationalbaby3/video/7590455371555228950?_r=1&u_code=0&preview_pb=0&sharer_language=en&_d=f1m67def0k21hj&share_item_id=7590455371555228950&source=h5_m,446848,5935,151,1829,695,532,0,573,"['ai', 'grandma', 'aibaby', 'fyp']",['ai']
7583790980105637142,this one was requested a lot 😭✌️ #foryou #ukcomedy #videoviral #makethisviral #fyp ,1765738941,7375159593344025633,officialdeetee1,DT 😭✌️,GB,7583791008577473302,original sound - officialdeetee1,DT 😭✌️,66,66434,1024,576,540p,https://api16-normal-no1a.tiktokv.eu/aweme/v1/play/?faid=1233&file_id=3faa200a29334305b2b6d4e57dc112e9&is_play_url=1&item_id=7583790980105637142&line=0&signaturev3=dmlkZW9faWQ7ZmlsZV9pZDtpdGVtX2lkLmY0NGExOTE0OTAxMjM2ZWIyYWI4MTZmMTQ2NDdlN2E2&source=FEED&video_id=v24044gl0000d4vgj4fog65gmlb37860,https://www.tiktok.com/@officialdeetee1/video/7583790980105637142?_r=1&u_code=0&preview_pb=0&sharer_language=en&_d=f1m67def0k21hj&share_item_id=7583790980105637142&source=h5_m,82813752,9832747,30096,1181976,647644,45002,0,7270,"['foryou', 'ukcomedy', 'videoviral', 'makethisviral', 'fyp']",['foryou']
7577384864089984278,The midnight sun headquarters ,1764247404,205879097384816641,zaralarsson,Zara Larsson,US,7571969632043567905,original sound - samanthafeeke,Samantha Feeke ☆,37,25402,1024,576,540p,https://api16-normal-no1a.tiktokv.eu/aweme/v1/play/?faid=1233&file_id=e8bc9e61296b4347aab5e9624484fab7&is_play_url=1&item_id=7577384864089984278&line=0&signaturev3=dmlkZW9faWQ7ZmlsZV9pZDtpdGVtX2lkLjVkODY1NDQwZmQwOTkwYWVjYTE5OTAxZDQ4NWE0ZDk4&source=FEED&video_id=v24044gl0000d4k4el7og65h6di1dq50,https://www.tiktok.com/@zaralarsson/video/7577384864089984278?_r=1&u_code=0&preview_pb=0&sharer_language=en&_d=f1m67def0k21hj&share_item_id=7577384864089984278&source=h5_m,17616245,2106738,3659,29807,90226,3401,0,528,[],[]
7596674339722808598,We all been there 🙏🙏 #reselling #richteen #money #relateable ,1768738582,7380768269705430048,zinorsl,zinorsl,GB,7140099348973849390,well this is gonna be my personality,Ted Nivison,6,6900,1024,576,540p,https://api16-normal-no1a.tiktokv.eu/aweme/v1/play/?faid=1233&file_id=699b560f1e524e60a897c78bea3cb28a&is_play_url=1&item_id=7596674339722808598&line=0&signaturev3=dmlkZW9faWQ7ZmlsZV9pZDtpdGVtX2lkLjIyNThmNmRkZjg3ZDQ2MTE0NjY4MjE2MzkyYzIxNDJj&source=FEED&video_id=v24044gl0000d5mcsb7og65sn9i4kie0,https://www.tiktok.com/@zinorsl/video/7596674339722808598?_r=1&u_code=0&preview_pb=0&sharer_language=en&_d=f1m67def0k21hj&share_item_id=7596674339722808598&source=h5_m,825308,68446,596,3358,5103,119,0,17,"['reselling', 'richteen', 'money', 'relateable']",['reselling']
7570427128966122774,We are gonna end up with no kitchen at this point #fyp #britishhumour #connorandoscar ,1762627424,6835981663667962886,connorbainbridge_,Connor Bainbridge,GB,7570427117566610198,original sound - connorbainbridge_,Connor Bainbridge,69,69934,1024,576,540p,https://api16-normal-no1a.tiktokv.eu/aweme/v1/play/?faid=1233&file_id=780b4e4e9fa742f7aa4bcb630520611d&is_play_url=1&item_id=7570427128966122774&line=0&signaturev3=dmlkZW9faWQ7ZmlsZV9pZDtpdGVtX2lkLjY0OWUwMDZkMTFjYzUxNzI4YjM1NGUyYzU2OWJjNDUy&source=FEED&video_id=v24044gl0000d47orrnog65n4j8dknn0,https://www.tiktok.com/@connorbainbridge_/video/7570427128966122774?_r=1&u_code=0&preview_pb=0&sharer_language=en&_d=f1m67def0k21hj&share_item_id=7570427128966122774&source=h5_m,6317355,497390,2367,15255,47895,1474,0,310,"['fyp', 'britishhumour', 'connorandoscar']",['fyp']
7593777452762025238,POV: you’re given a 🌈 umbrella #roadman #fyp #foryou #london ,1768064097,7151045282133869574,thecharlessy,Charlessy,GB,7593777442834189078,original sound - thecharlessy,Charlessy,23,23700,1024,576,540p,https://api16-normal-no1a.tiktokv.eu/aweme/v1/play/?faid=1233&file_id=8c99599d889349a0bf42226571df1260&is_play_url=1&item_id=7593777452762025238&line=0&signaturev3=dmlkZW9faWQ7ZmlsZV9pZDtpdGVtX2lkLmJjODQ0MDVmYjdlOGEwMTZiYmFjZjI5ZWY2ZTQzNDUy&source=FEED&video_id=v24044gl0000d5h84m7og65s4p0nkg3g,https://www.tiktok.com/@thecharlessy/video/7593777452762025238?_r=1&u_code=0&preview_pb=0&sharer_language=en&_d=f1m67def0k21hj&share_item_id=7593777452762025238&source=h5_m,5563765,528447,3604,105028,32409,4016,0,2973,"['roadman', 'fyp', 'foryou', 'london']",['roadman']
7575122972441136406,chicken balls #fyp #cooking #Recipe #chicken ,1763720765,7380024486236455969,mayflowermotherwell,Mayflower Motherwell,GB,7575123021066390294,original sound - mayflowermotherwell,Mayflower Motherwell,117,117034,1024,576,540p,https://api16-normal-no1a.tiktokv.eu/aweme/v1/play/?faid=1233&file_id=e5f622aab0aa40cfaf3931dc6385d86c&is_play_url=1&item_id=7575122972441136406&line=0&signaturev3=dmlkZW9faWQ7ZmlsZV9pZDtpdGVtX2lkLjgyNTAxMGJkNTQ3N2E4ZDQ4ZDk1NzZiY2MxNGFiNmU0&source=FEED&video_id=v24044gl0000d4g3rm7og65v0ulh92ag,https://www.tiktok.com/@mayflowermotherwell/video/7575122972441136406?_r=1&u_code=0&preview_pb=0&sharer_language=en&_d=f1m67def0k21hj&share_item_id=7575122972441136406&source=h5_m,5559255,240144,2631,21536,47231,2671,0,1929,"['fyp', 'cooking', 'recipe', 'chicken']",['fyp']
7601455551419043090,"I am new on TikTok, please support me 🙏🥹 #newtiktok #newtiktokaccount #digitalmarketing #affiliat ",1769851794,7567390955347969044,foryou.officialreels,Ｆｏｒ Ｕ 🦋,LK,7424479924888570640,original sound - shanzajaved16,S H A N Z A Y 💫,6,5700,844,576,540p,https://api16-normal-no1a.tiktokv.eu/aweme/v1/play/?faid=1233&file_id=d79de94506cb4098b55b891f4bb3596a&is_play_url=1&item_id=7601455551419043090&line=0&signaturev3=dmlkZW9faWQ7ZmlsZV9pZDtpdGVtX2lkLjY4MzQyYTdlMGVlNzY1OWJiNzQ0MzU5MzczOTgzMjYx&source=FEED&video_id=v1c044g50000d5usmuvog65p3ng28cig,https://www.tiktok.com/@foryou.officialreels/video/7601455551419043090?_r=1&u_code=0&preview_pb=0&sharer_language=en&_d=f1m67def0k21hj&share_item_id=7601455551419043090&source=h5_m,20035,506,64,10,51,6,0,0,"['newtiktok', 'newtiktokaccount', 'digitalmarketing', 'affiliat']",['newtiktok']
